species,length_cm,strain
B. mori x F1,1.698985873,p50TxF1
B. mori x F1,1.952069717,p50TxF1
B. mori x F1,2.204788374,p50TxF1
B. mori x F1,1.732902294,p50TxF1
B. mori x F1,1.977569056,p50TxF1
B. mori x F1,1.4979892,p50TxF1
B. mori x F1,2.406841711,p50TxF1
B. mori x F1,1.532347421,p50TxF1
B. mori x F1,2.036672622,p50TxF1
B. mori x F1,2.069297541,p50TxF1
B. mori x F1,0.909215406,p50TxF1
B. mori x F1,1.698788131,p50TxF1
B. mori x F1,1.955207176,p50TxF1
B. mori x F1,1.536661591,p50TxF1
B. mori x F1,1.628341891,p50TxF1
B. mori x F1,2.36889534,p50TxF1
B. mori x F1,1.709962793,p50TxF1
B. mori x F1,1.236042499,p50TxF1
B. mori x F1,2.070017533,p50TxF1
B. mori x F1,1.807752258,p50TxF1
B. mori x F1,2.11308385,p50TxF1
B. mori x F1,1.264683504,p50TxF1
B. mori x F1,1.222789354,p50TxF1
B. mori x F1,2.282134384,p50TxF1
B. mori x F1,1.136821119,p50TxF1
B. mori x F1,1.553299295,p50TxF1
B. mori x F1,1.65199142,p50TxF1
B. mori x F1,1.416621518,p50TxF1
B. mori x F1,1.758173737,p50TxF1
B. mori x F1,1.827298952,p50TxF1
B. mori x F1,1.998460624,p50TxF1
B. mori x F1,2.085868274,p50TxF1
B. mori x F1,1.776143331,p50TxF1
B. mori x F1,2.067335348,p50TxF1
B. mori x F1,2.27697654,p50TxF1
B. mori x F1,2.527889534,p50TxF1
B. mori x F1,1.539824933,p50TxF1
B. mori x F1,2.02606677,p50TxF1
B. mori x F1,2.043677562,p50TxF1
B. mori x F1,1.926941973,p50TxF1
B. mori x F1,1.453359287,p50TxF1
B. mori x F1,1.879901189,p50TxF1
B. mori x F1,2.127312031,p50TxF1
B. mori x F1,1.706529589,p50TxF1
B. mori x F1,1.557747974,p50TxF1
B. mori x F1,1.615024679,p50TxF1
B. mori x F1,1.878343882,p50TxF1
B. mori x F1,1.237898207,p50TxF1
B. mori x F1,1.336692796,p50TxF1
B. mori x F1,1.091304454,p50TxF1
B. mori x F1,1.706253285,p50TxF1
B. mori x F1,1.648566525,p50TxF1
B. mori x F1,1.648155828,p50TxF1
B. mori x F1,1.852017464,p50TxF1
B. mori x F1,2.07929452,p50TxF1
B. mori x F1,1.853150739,p50TxF1
B. mori x F1,1.233519026,p50TxF1
B. mori x F1,1.152326835,p50TxF1
B. mori x F1,1.163007351,p50TxF1
B. mori x F1,1.803104433,p50TxF1
B. mori x F1,1.080516507,p50TxF1
B. mori x F1,1.153368489,p50TxF1
B. mori x F1,1.609019986,p50TxF1
B. mori x F1,1.42541666,p50TxF1
B. mori x F1,1.003419065,p50TxF1
B. mori x F1,1.345248149,p50TxF1
B. mori x F1,1.196733666,p50TxF1
B. mori x F1,1.327470276,p50TxF1
B. mori x F1,1.429106136,p50TxF1
B. mori x F1,1.649963689,p50TxF1
B. mori x F1,1.682412255,p50TxF1
B. mori x F1,1.20498203,p50TxF1
B. mori x F1,1.278713366,p50TxF1
B. mori x F1,1.71362909,p50TxF1
B. mori x F1,1.840447472,p50TxF1
B. mori x F1,1.752326933,p50TxF1
B. mori x F1,1.994094794,p50TxF1
B. mori x F1,1.862006345,p50TxF1
B. mori x F1,1.663462825,p50TxF1
B. mori x F1,1.726170984,p50TxF1
B. mori x F1,1.887944106,p50TxF1
B. mori x F1,1.650473216,p50TxF1
B. mori x F1,2.05893013,p50TxF1
B. mori x F1,1.64353612,p50TxF1
B. mori x F1,2.145542597,p50TxF1
B. mori x F1,1.68168015,p50TxF1
B. mori x F1,1.492636671,p50TxF1
B. mori x F1,1.596118068,p50TxF1
B. mori x F1,1.843535982,p50TxF1
B. mori x F1,1.936148341,p50TxF1
B. mori x F1,1.953520331,p50TxF1
B. mori x F1,2.314618469,p50TxF1
B. mori x F1,1.467652835,p50TxF1
B. mori x F1,1.860941959,p50TxF1
B. mori x F1,1.892374974,p50TxF1
B. mori x F1,1.371844755,p50TxF1
B. mori x F1,1.593322864,p50TxF1
B. mori x F1,1.770805,p50TxF1
B. mori x F1,1.503778686,p50TxF1
B. mori x F1,1.915139651,p50TxF1
B. mori x F1,1.870409757,p50TxF1
B. mori x F1,1.814291609,p50TxF1
B. mori x F1,1.300126435,p50TxF1
B. mori x F1,1.44172513,p50TxF1
B. mori x F1,1.735192518,p50TxF1
B. mori x F1,1.636391489,p50TxF1
B. mori x F1,1.787901635,p50TxF1
B. mori x F1,1.156365282,p50TxF1
B. mori x F1,1.227929642,p50TxF1
B. mori x F1,1.91915192,p50TxF1
B. mori x F1,2.057155715,p50TxF1
B. mori x F1,2.043590547,p50TxF1
B. mori x F1,2.141907065,p50TxF1
B. mori x F1,2.165308177,p50TxF1
B. mori x F1,1.851895937,p50TxF1
B. mori x F1,1.518000476,p50TxF1
B. mori x F1,2.030122153,p50TxF1
B. mori x F1,2.142860451,p50TxF1
B. mori x F1,1.720291639,p50TxF1
B. mori x F1,1.636274854,p50TxF1
B. mori x F1,1.79028701,p50TxF1
B. mori x F1,1.597720887,p50TxF1
B. mori x F1,1.721170633,p50TxF1
B. mori x F1,1.499411031,p50TxF1
B. mori x F1,1.727181855,p50TxF1
B. mori x F1,1.843909476,p50TxF1
B. mori x F1,1.581061907,p50TxF1
B. mori x F1,1.484483865,p50TxF1
B. mori x F1,1.115330519,p50TxF1
B. mori x F1,1.810671028,p50TxF1
B. mori x F1,1.074213674,p50TxF1
B. mori x F1,1.741022713,p50TxF1
B. mori x F1,1.177397899,p50TxF1
B. mori x F1,1.799921111,p50TxF1
B. mori x F1,1.577721935,p50TxF1
B. mori x F1,1.731883594,p50TxF1
B. mori x F1,1.50911129,p50TxF1
B. mori x F1,2.08584808,p50TxF1
B. mori x F1,1.979867551,p50TxF1
B. mori x F1,1.638456104,p50TxF1
B. mori x F1,1.858881708,p50TxF1
B. mori x F1,1.292978467,p50TxF1
B. mori x F1,1.871535549,p50TxF1
B. mori x F1,1.731647225,p50TxF1
B. mori x F1,1.688784548,p50TxF1
B. mori x F1,1.620460903,p50TxF1
B. mori x F1,0.944876385,p50TxF1
B. mori x F1,1.845336303,p50TxF1
B. mori x F1,2.352760804,p50TxF1
B. mori x F1,1.505163698,p50TxF1
B. mori x F1,1.562496088,p50TxF1
B. mori x F1,1.278870186,p50TxF1
B. mori x F1,1.590611846,p50TxF1
B. mori x F1,1.699967854,p50TxF1
B. mori x F1,1.557007988,p50TxF1
B. mori x F1,1.106045624,p50TxF1
B. mori x F1,1.863129394,p50TxF1
B. mori x F1,0.660340529,p50TxF1
B. mori x F1,0.471370187,p50TxF1
B. mori x F1,0.724171581,p50TxF1
B. mori x F1,1.521942975,p50TxF1
B. mori x F1,1.526485561,p50TxF1
B. mori x F1,1.49111761,p50TxF1
B. mori x F1,1.18756147,p50TxF1
B. mori x F1,1.776535308,p50TxF1
B. mori x F1,1.52325369,p50TxF1
B. mori x F1,1.709985919,p50TxF1
B. mori x F1,1.49181949,p50TxF1
B. mori x F1,2.262825589,p50TxF1
B. mori x F1,1.465429485,p50TxF1
B. mori x F1,1.336771428,p50TxF1
B. mori x F1,1.404277132,p50TxF1
B. mori x F1,2.113429231,p50TxF1
B. mori x F1,1.348994544,p50TxF1
B. mori x F1,1.591760147,p50TxF1
B. mori x F1,1.431691064,p50TxF1
B. mori x F1,1.361722324,p50TxF1
B. mori x F1,1.979363447,p50TxF1
B. mori x F1,1.791638983,p50TxF1
B. mori x F1,2.095202354,p50TxF1
B. mori x F1,1.895609253,p50TxF1
B. mori x F1,1.750141339,p50TxF1
B. mori x F1,1.891510057,p50TxF1
B. mori x F1,2.001708427,p50TxF1
B. mori x F1,1.572269646,p50TxF1
B. mori x F1,1.402411547,p50TxF1
B. mori x F1,1.86349313,p50TxF1
B. mori x F1,2.07330278,p50TxF1
B. mori x F1,1.628120825,p50TxF1
B. mori x F1,1.900724569,p50TxF1
B. mori x F1,1.986579557,p50TxF1
B. mori x F1,2.422973953,p50TxF1
B. mori x F1,1.73909011,p50TxF1
B. mori x F1,2.082794776,p50TxF1
B. mori x F1,2.447600512,p50TxF1
B. mori x F1,1.760991227,p50TxF1
B. mori x F1,1.78939724,p50TxF1
B. mori x F1,1.673418931,p50TxF1
B. mori x F1,1.373371255,p50TxF1
B. mori x F1,1.521200234,p50TxF1
B. mori x F1,1.922578143,p50TxF1
B. mori x F1,2.237138819,p50TxF1
B. mori x F1,1.668010932,p50TxF1
B. mori x F1,2.111819983,p50TxF1
B. mori x F1,1.293434741,p50TxF1
B. mori x F1,2.025274224,p50TxF1
B. mori x F1,1.892927466,p50TxF1
B. mori x F1,1.339363418,p50TxF1
B. mori x F1,1.845394409,p50TxF1
B. mori x F1,1.541597062,p50TxF1
B. mori x F1,1.425887124,p50TxF1
B. mori x F1,1.663497791,p50TxF1
B. mori x F1,1.570655528,p50TxF1
B. mori x F1,1.664454382,p50TxF1
B. mori x F1,1.78939724,p50TxF1
B. mori x F1,1.696229404,p50TxF1
B. mori x F1,1.1985735,p50TxF1
B. mori x F1,2.430926161,p50TxF1
B. mori x F1,1.823329629,p50TxF1
B. mori x F1,1.491893248,p50TxF1
B. mori x F1,1.428344961,p50TxF1
B. mori x F1,1.646239744,p50TxF1
B. mori x F1,1.531297421,p50TxF1
B. mori x F1,0.776764813,p50TxF1
B. mori x F1,1.115248082,p50TxF1
B. mori x F1,1.801930128,p50TxF1
B. mori x F1,1.602086553,p50TxF1
B. mori x F1,2.143178157,p50TxF1
B. mori x F1,1.544033784,p50TxF1
B. mori x F1,1.805210761,p50TxF1
B. mori x F1,1.328187625,p50TxF1
B. mori x F1,2.133744609,p50TxF1
B. mori x F1,2.02480711,p50TxF1
B. mori x F1,1.895758007,p50TxF1
B. mori x F1,1.993977989,p50TxF1
B. mori x F1,1.480089511,p50TxF1
B. mori x F1,1.556835941,p50TxF1
B. mori x F1,1.611469327,p50TxF1
B. mori x F1,1.909633984,p50TxF1
B. mori x F1,1.666666255,p50TxF1
B. mori x F1,1.275212049,p50TxF1
B. mori x F1,1.666809368,p50TxF1
B. mori x F1,1.672599956,p50TxF1
B. mori x F1,1.311869462,p50TxF1
B. mori x F1,1.582873784,p50TxF1
B. mori x F1,1.816581131,p50TxF1
B. mori x F1,1.635793613,p50TxF1
B. mori x F1,2.237938075,p50TxF1
B. mori x F1,1.711372647,p50TxF1
B. mori x F1,1.562750685,p50TxF1
B. mori x F1,2.129780773,p50TxF1
B. mori x F1,1.758661324,p50TxF1
B. mori x F1,2.213403911,p50TxF1
B. mori x F1,1.99368685,p50TxF1
B. mori x F1,2.364681827,p50TxF1
B. mori x F1,1.433892876,p50TxF1
B. mori x F1,1.385056634,p50TxF1
B. mori x F1,2.444381852,p50TxF1
B. mori x F1,1.12953057,p50TxF1
B. mori x F1,1.509687574,p50TxF1
B. mori x F1,1.530610032,p50TxF1
B. mori x F1,1.542140501,p50TxF1
B. mori x F1,1.693712023,p50TxF1
B. mori x F1,1.373627559,p50TxF1
B. mori x F1,1.328715117,p50TxF1
B. mori x F1,1.791223758,p50TxF1
B. mori x F1,1.440982464,p50TxF1
B. mori x F1,1.863199787,p50TxF1
B. mori x F1,1.59146762,p50TxF1
B. mori x F1,1.196862409,p50TxF1
B. mori x F1,1.803440151,p50TxF1
B. mori x F1,1.42189597,p50TxF1
B. mori x F1,1.838859156,p50TxF1
B. mori x F1,2.275718837,p50TxF1
B. mori x F1,2.406706781,p50TxF1
B. mori x F1,1.392511029,p50TxF1
B. mori x F1,1.453620262,p50TxF1
B. mori x F1,2.061035171,p50TxF1
B. mori x F1,1.630944626,p50TxF1
B. mori x F1,1.27306465,p50TxF1
B. mori x F1,1.687616009,p50TxF1
B. mori x F1,1.288547555,p50TxF1
B. mori x F1,1.845363361,p50TxF1
B. mori x F1,2.006336934,p50TxF1
B. mori x F1,1.903337491,p50TxF1
B. mori x F1,2.083084331,p50TxF1
B. mori x F1,1.3082268,p50TxF1
B. mori x F1,1.856150348,p50TxF1
B. mori x F1,1.631663837,p50TxF1
B. mori x F1,1.885371936,p50TxF1
B. mori x F1,1.756850978,p50TxF1
B. mori x F1,1.321620576,p50TxF1
B. mori x F1,1.54508329,p50TxF1
B. mori x F1,1.618235892,p50TxF1
B. mori x F1,1.72081305,p50TxF1
B. mori x F1,2.031454412,p50TxF1
B. mori x F1,1.374814815,p50TxF1
B. mori x F1,1.616508757,p50TxF1
B. mori x F1,1.423191361,p50TxF1
B. mori x F1,1.893084215,p50TxF1
B. mori x F1,1.806629627,p50TxF1
B. mori x F1,1.817003349,p50TxF1
B. mori x F1,1.870590194,p50TxF1
B. mori x F1,1.497121327,p50TxF1
B. mori x F1,1.927248062,p50TxF1
B. mori x F1,1.714228151,p50TxF1
B. mori x F1,2.045678509,p50TxF1
B. mori x F1,2.151672346,p50TxF1
B. mori x F1,1.871713303,p50TxF1
B. mori x F1,2.174601565,p50TxF1
B. mori x F1,1.883921896,p50TxF1
B. mori x F1,1.961710946,p50TxF1
B. mori x F1,2.035615772,p50TxF1
B. mori x F1,1.315883158,p50TxF1
B. mori x F1,2.036316736,p50TxF1
B. mori x F1,1.66334726,p50TxF1
B. mori x F1,1.567650439,p50TxF1
B. mori x F1,2.499379623,p50TxF1
B. mori x F1,2.190373931,p50TxF1
B. mori x F1,2.316274221,p50TxF1
B. mori x F1,2.001924819,p50TxF1
B. mori x F1,2.302215598,p50TxF1
B. mori x F1,2.279600741,p50TxF1
B. mori x F1,1.625330421,p50TxF1
B. mori x F1,2.148867451,p50TxF1
B. mori x F1,1.301371939,p50TxF1
B. mori x F1,1.663833939,p50TxF1
B. mori x F1,1.647675242,p50TxF1
B. mori x F1,0.930812352,p50TxF1
B. mori x F1,2.20973003,p50TxF1
B. mori x F1,1.455061093,p50TxF1
B. mori x F1,2.212553673,p50TxF1
B. mori x F1,1.427589684,p50TxF1
B. mori x F1,1.784811619,p50TxF1
B. mori x F1,2.226203877,p50TxF1
B. mori x F1,1.808722428,p50TxF1
B. mori x F1,1.320916151,p50TxF1
B. mori x F1,1.949844188,p50TxF1
B. mori x F1,1.770460192,p50TxF1
B. mori x F1,1.649254188,p50TxF1
B. mori x F1,2.037710213,p50TxF1
B. mori x F1,1.47806314,p50TxF1
B. mori x F1,2.020704987,p50TxF1
B. mori x F1,1.81269836,p50TxF1
B. mori x F1,1.619554173,p50TxF1
B. mori x F1,1.534183707,p50TxF1
B. mori x F1,1.703824565,p50TxF1
B. mori x F1,1.712282994,p50TxF1
B. mori x F1,2.369806966,p50TxF1
B. mori x F1,1.357592353,p50TxF1
B. mori x F1,2.256171309,p50TxF1
B. mori x F1,1.625952291,p50TxF1
B. mori x F1,1.914261834,p50TxF1
B. mori x F1,1.422365899,p50TxF1
B. mori x F1,1.384711763,p50TxF1
B. mori x F1,1.51923064,p50TxF1
B. mori x F1,2.024841558,p50TxF1
B. mori x F1,2.007032651,p50TxF1
B. mori x F1,1.374278506,p50TxF1
B. mori x F1,1.651650366,p50TxF1
B. mori x F1,1.739367454,p50TxF1
B. mori x F1,1.701350799,p50TxF1
B. mori x F1,1.681063194,p50TxF1
B. mori x F1,2.039212888,p50TxF1
B. mori x F1,1.733333606,p50TxF1
B. mori x F1,1.643433935,p50TxF1
B. mori x F1,1.6956585,p50TxF1
B. mori x F1,1.283228972,p50TxF1
B. mori x F1,1.557443609,p50TxF1
B. mori x F1,1.694090276,p50TxF1
B. mori x F1,1.680400316,p50TxF1
B. mori x F1,1.524286021,p50TxF1
B. mori x F1,1.944415889,p50TxF1
B. mori x F1,1.320490278,p50TxF1
B. mori x F1,1.8301999,p50TxF1
B. mori x F1,1.671497845,p50TxF1
B. mori x F1,1.548558573,p50TxF1
B. mori x F1,1.870342871,p50TxF1
B. mori x F1,1.976581674,p50TxF1
B. mori x F1,1.810377252,p50TxF1
B. mori x F1,1.679050844,p50TxF1
B. mori x F1,1.654456532,p50TxF1
B. mori x F1,1.655150109,p50TxF1
B. mori x F1,2.312075426,p50TxF1
B. mori x F1,1.435418461,p50TxF1
B. mori x F1,1.762964322,p50TxF1
B. mori x F1,1.574882734,p50TxF1
B. mori x F1,1.517657184,p50TxF1
B. mori x F1,1.51297793,p50TxF1
B. mori x F1,1.836173203,p50TxF1
B. mori x F1,1.836910367,p50TxF1
B. mori x F1,1.828415646,p50TxF1
B. mori x F1,1.987433287,p50TxF1
B. mori x F1,1.694126353,p50TxF1
B. mori x F1,1.82997642,p50TxF1
B. mori x F1,1.893320556,p50TxF1
B. mori x F1,1.810249819,p50TxF1
B. mori x F1,2.20323425,p50TxF1
B. mori x F1,1.803802623,p50TxF1
B. mori x F1,1.357742257,p50TxF1
B. mori x F1,1.497452441,p50TxF1
B. mori x F1,2.330637582,p50TxF1
B. mori x F1,1.488424848,p50TxF1
B. mori x F1,1.838828633,p50TxF1
B. mori x F1,1.278203511,p50TxF1
B. mori x F1,1.467409078,p50TxF1
B. mori x F1,1.441288171,p50TxF1
B. mori x F1,2.336137414,p50TxF1
B. mori x F1,1.768075591,p50TxF1
B. mori x F1,1.678719335,p50TxF1
B. mori x F1,1.556949669,p50TxF1
B. mori x F1,2.229989685,p50TxF1
B. mori x F1,1.926681516,p50TxF1
B. mori x F1,2.000743951,p50TxF1
B. mori x F1,2.404593864,p50TxF1
B. mori x F1,1.670560575,p50TxF1
B. mori x F1,1.353826713,p50TxF1
B. mori x F1,1.530780263,p50TxF1
B. mori x F1,1.267084466,p50TxF1
B. mori x F1,2.651759048,p50TxF1
B. mori x F1,2.429786351,p50TxF1
B. mori x F1,2.014799014,p50TxF1
B. mori x F1,1.498405018,p50TxF1
B. mori x F1,1.908466622,p50TxF1
B. mori x F1,1.826147589,p50TxF1
B. mori x F1,1.82856919,p50TxF1
B. mori x F1,1.811785478,p50TxF1
B. mori x F1,2.246198569,p50TxF1
B. mori x F1,1.215022624,p50TxF1
B. mori x F1,1.901782604,p50TxF1
B. mori x F1,1.491898017,p50TxF1
B. mori x F1,1.832655198,p50TxF1
B. mori x F1,2.078612302,p50TxF1
B. mori x F1,2.056993364,p50TxF1
B. mori x F1,1.732650435,p50TxF1
B. mori x F1,1.786860137,p50TxF1
B. mori x F1,1.548140732,p50TxF1
B. mori x F1,2.207628145,p50TxF1
B. mori x F1,1.868980974,p50TxF1
B. mori x F1,1.455201313,p50TxF1
B. mori x F1,1.582535002,p50TxF1
B. mori x F1,2.377984205,p50TxF1
B. mori x F1,1.88525445,p50TxF1
B. mori x F1,1.899752602,p50TxF1
B. mori x F1,1.597072613,p50TxF1
B. mori x F1,1.199847705,p50TxF1
B. mori x F1,2.057323761,p50TxF1
B. mori x F1,1.899027057,p50TxF1
B. mori x F1,1.677402595,p50TxF1
B. mori x F1,2.071341942,p50TxF1
B. mori x F1,2.152997509,p50TxF1
B. mori x F1,1.563497519,p50TxF1
B. mori x F1,1.969694634,p50TxF1
B. mori x F1,1.865465695,p50TxF1
B. mori x F1,1.508537135,p50TxF1
B. mori x F1,1.837382856,p50TxF1
B. mori x F1,1.828816249,p50TxF1
B. mori x F1,2.093122843,p50TxF1
B. mori x F1,1.829420391,p50TxF1
B. mori x F1,1.997114976,p50TxF1
B. mori x F1,1.801565953,p50TxF1
B. mori x F1,1.453484865,p50TxF1
B. mori x F1,1.754300939,p50TxF1
B. mori x F1,1.980310077,p50TxF1
B. mori x F1,1.97508861,p50TxF1
B. mori x F1,1.674360936,p50TxF1
B. mori x F1,1.516126097,p50TxF1
B. mori x F1,1.641966752,p50TxF1
B. mori x F1,1.337965471,p50TxF1
B. mori x F1,2.405616149,p50TxF1
B. mori x F1,1.812193232,p50TxF1
B. mori x F1,2.583451278,p50TxF1
B. mori x F1,1.330895164,p50TxF1
B. mori x F1,1.945505879,p50TxF1
B. mori x F1,1.480015002,p50TxF1
B. mori x F1,0.816542216,p50TxF1
B. mori x F1,1.926025369,p50TxF1
B. mori x F1,1.87332881,p50TxF1
B. mori x F1,1.907714056,p50TxF1
B. mori x F1,1.465802269,p50TxF1
B. mori x F1,1.918798237,p50TxF1
B. mori x F1,1.162996109,p50TxF1
B. mori x F1,2.117695316,p50TxF1
B. mori x F1,1.758057842,p50TxF1
B. mori x F1,1.811224921,p50TxF1
B. mori x F1,1.626966082,p50TxF1
B. mori x F1,1.795744151,p50TxF1
B. mori x F1,2.013158553,p50TxF1
B. mori x F1,2.038734169,p50TxF1
B. mori x F1,2.202175092,p50TxF1
B. mori x F1,1.795228296,p50TxF1
B. mori x F1,2.047199476,p50TxF1
B. mori x F1,2.61486762,p50TxF1
B. mori x F1,1.883286112,p50TxF1
B. mori x F1,1.866108125,p50TxF1
B. mori x F1,1.655095283,p50TxF1
B. mori x F1,1.579700021,p50TxF1
B. mori x F1,1.476996047,p50TxF1
B. mori x F1,1.653471644,p50TxF1
B. mori x F1,2.19432219,p50TxF1
B. mori x F1,1.231816788,p50TxF1
B. mori x F1,1.602016216,p50TxF1
B. mori x F1,1.482351204,p50TxF1
B. mori x F1,1.61813241,p50TxF1
B. mori x F1,1.831273535,p50TxF1
B. mori x F1,2.154131316,p50TxF1
B. mori x F1,2.344128166,p50TxF1
B. mori x F1,1.500677208,p50TxF1
B. mori x F1,2.308349839,p50TxF1
B. mori x F1,1.367894901,p50TxF1
B. mori x F1,2.527078021,p50TxF1
B. mori x F1,2.209130468,p50TxF1
B. mori x F1,2.095598467,p50TxF1
B. mori x F1,1.883731528,p50TxF1
B. mori x F1,1.679793734,p50TxF1
B. mori x F1,1.763957271,p50TxF1
B. mori x F1,1.987054367,p50TxF1
B. mori x F1,1.676675663,p50TxF1
B. mori x F1,2.023952739,p50TxF1
B. mori x F1,1.807643554,p50TxF1
B. mori x F1,1.433713869,p50TxF1
B. mori x F1,1.880007474,p50TxF1
B. mori x F1,1.947981075,p50TxF1
B. mori x F1,1.772386832,p50TxF1
B. mori x F1,1.804810988,p50TxF1
B. mori x F1,2.626010501,p50TxF1
B. mori x F1,1.600485547,p50TxF1
B. mori x F1,2.138410554,p50TxF1
B. mori x F1,1.525371031,p50TxF1
B. mori x F1,2.053753132,p50TxF1
B. mori x F1,1.989694911,p50TxF1
B. mori x F1,1.352073337,p50TxF1
B. mori x F1,2.262478969,p50TxF1
B. mori x F1,2.275578118,p50TxF1
B. mori x F1,1.917159635,p50TxF1
B. mori x F1,1.780299501,p50TxF1
B. mori x F1,1.824033573,p50TxF1
B. mori x F1,2.343333548,p50TxF1
B. mori x F1,1.711082765,p50TxF1
B. mori x F1,1.842989324,p50TxF1
B. mori x F1,1.777214732,p50TxF1
B. mori x F1,1.770059636,p50TxF1
B. mori x F1,1.294184172,p50TxF1
B. mori x F1,2.147863283,p50TxF1
B. mori x F1,2.227744626,p50TxF1
B. mori x F1,2.310625306,p50TxF1
B. mori x F1,1.720820085,p50TxF1
B. mori x F1,1.704643513,p50TxF1
B. mori x F1,1.728230723,p50TxF1
B. mori x F1,1.903869251,p50TxF1
B. mori x F1,1.800860694,p50TxF1
B. mori x F1,1.701088954,p50TxF1
B. mori x F1,1.687319712,p50TxF1
B. mori x F1,1.637800409,p50TxF1
B. mori x F1,2.043531074,p50TxF1
B. mori x F1,2.366239384,p50TxF1
B. mori x F1,1.447180059,p50TxF1
B. mori x F1,1.745663329,p50TxF1
B. mori x F1,2.271019049,p50TxF1
B. mori x F1,1.211827891,p50TxF1
B. mori x F1,1.920116674,p50TxF1
B. mori x F1,1.37853039,p50TxF1
B. mori x F1,1.793206059,p50TxF1
B. mori x F1,1.782129873,p50TxF1
B. mori x F1,1.507407146,p50TxF1
B. mori x F1,1.895062396,p50TxF1
B. mori x F1,1.805646347,p50TxF1
B. mori x F1,1.979868202,p50TxF1
B. mori x F1,1.579577941,p50TxF1
B. mori x F1,1.658221489,p50TxF1
B. mori x F1,1.037616228,p50TxF1
B. mori x F1,1.350977883,p50TxF1
B. mori x F1,1.438332334,p50TxF1
B. mori x F1,2.003195352,p50TxF1
B. mori x F1,2.001571224,p50TxF1
B. mori x F1,1.850026833,p50TxF1
B. mori x F1,2.350085785,p50TxF1
B. mori x F1,2.070005586,p50TxF1
B. mori x F1,2.284939235,p50TxF1
B. mori x F1,1.174689397,p50TxF1
B. mori x F1,1.177438877,p50TxF1
B. mori x F1,1.927932003,p50TxF1
B. mori x F1,2.002285776,p50TxF1
B. mori x F1,1.201257653,p50TxF1
B. mori x F1,1.425384655,p50TxF1
B. mori x F1,1.529432726,p50TxF1
B. mori x F1,1.16699232,p50TxF1
B. mori x F1,1.66490602,p50TxF1
B. mori x F1,2.350681899,p50TxF1
B. mori x F1,1.536777398,p50TxF1
B. mori x F1,1.716511744,p50TxF1
B. mori x F1,1.567606201,p50TxF1
B. mori x F1,1.925849415,p50TxF1
B. mori x F1,1.95560383,p50TxF1
B. mori x F1,1.46422719,p50TxF1
B. mori x F1,1.168326554,p50TxF1
B. mori x F1,1.639897368,p50TxF1
B. mori x F1,0.862510541,p50TxF1
B. mori x F1,1.296725098,p50TxF1
B. mori x F1,1.325563879,p50TxF1
B. mori x F1,1.768069246,p50TxF1
B. mori x F1,1.70305992,p50TxF1
B. mori x F1,1.766465714,p50TxF1
B. mori x F1,1.690418507,p50TxF1
B. mori x F1,2.073090611,p50TxF1
B. mori x F1,2.045107889,p50TxF1
B. mori x F1,1.520346956,p50TxF1
B. mori x F1,1.581721787,p50TxF1
B. mori x F1,1.445664716,p50TxF1
B. mori x F1,1.521268505,p50TxF1
B. mori x F1,1.977349669,p50TxF1
B. mori x F1,1.951736321,p50TxF1
B. mori x F1,1.576406586,p50TxF1
B. mori x F1,1.214442159,p50TxF1
B. mori x F1,2.035221741,p50TxF1
B. mori x F1,1.861983068,p50TxF1
B. mori x F1,1.26168333,p50TxF1
B. mori x F1,1.591968705,p50TxF1
B. mori x F1,1.512266518,p50TxF1
B. mori x F1,1.626931063,p50TxF1
B. mori x F1,1.49636372,p50TxF1
B. mori x F1,1.671305174,p50TxF1
B. mori x F1,1.853367904,p50TxF1
B. mori x F1,1.45664191,p50TxF1
B. mori x F1,1.378562362,p50TxF1
B. mori x F1,1.271824909,p50TxF1
B. mori x F1,2.16784574,p50TxF1
B. mori x F1,1.703788789,p50TxF1
B. mori x F1,1.743923989,p50TxF1
B. mori x F1,1.511086676,p50TxF1
B. mori x F1,1.806060429,p50TxF1
B. mori x F1,1.906614776,p50TxF1
B. mori x F1,1.62000669,p50TxF1
B. mori x F1,2.083907068,p50TxF1
B. mori x F1,1.296359363,p50TxF1
B. mori x F1,0.763818733,p50TxF1
B. mori x F1,1.357599025,p50TxF1
B. mori x F1,1.113981709,p50TxF1
B. mori x F1,1.343166268,p50TxF1
B. mori x F1,1.658198941,p50TxF1
B. mori x F1,1.85685301,p50TxF1
B. mori x F1,1.185047948,p50TxF1
B. mori x F1,1.575734345,p50TxF1
B. mori x F1,1.515359847,p50TxF1
B. mori x F1,1.765918079,p50TxF1
B. mori x F1,1.805507803,p50TxF1
B. mori x F1,0.705072508,p50TxF1
B. mori x F1,1.657406681,p50TxF1
B. mori x F1,1.600153952,p50TxF1
B. mori x F1,1.695557601,p50TxF1
B. mori x F1,1.485018119,p50TxF1
B. mori x F1,2.636346968,p50TxF1
B. mori x F1,1.404936841,p50TxF1
B. mori x F1,2.208788385,p50TxF1
B. mori x F1,2.317586215,p50TxF1
B. mori x F1,1.552097676,p50TxF1
B. mori x F1,2.012217523,p50TxF1
B. mori x F1,1.243877178,p50TxF1
B. mori x F1,1.494327795,p50TxF1
B. mori x F1,1.197144162,p50TxF1
B. mori x F1,1.791743489,p50TxF1
B. mori x F1,1.835090013,p50TxF1
B. mori x F1,1.243124304,p50TxF1
B. mori x F1,2.202486484,p50TxF1
B. mori x F1,1.512946896,p50TxF1
B. mori x F1,1.578297698,p50TxF1
B. mori x F1,1.600447179,p50TxF1
B. mori x F1,1.366913791,p50TxF1
B. mori x F1,1.60820265,p50TxF1
B. mori x F1,1.783984649,p50TxF1
B. mori x F1,1.855904929,p50TxF1
B. mori x F1,1.602522303,p50TxF1
B. mori x F1,2.059026413,p50TxF1
B. mori x F1,1.466817726,p50TxF1
B. mori x F1,1.710287358,p50TxF1
B. mori x F1,2.23720939,p50TxF1
B. mori x F1,2.109488341,p50TxF1
B. mori x F1,2.319326063,p50TxF1
B. mori x F1,1.667312893,p50TxF1
B. mori x F1,2.347271694,p50TxF1
B. mori x F1,1.531284014,p50TxF1
B. mori x F1,1.704467949,p50TxF1
B. mori x F1,2.239671878,p50TxF1
B. mori x F1,1.837002463,p50TxF1
B. mori x F1,1.973728014,p50TxF1
B. mori x F1,1.627917523,p50TxF1
B. mori x F1,1.558206502,p50TxF1
B. mori x F1,1.809391028,p50TxF1
B. mori x F1,1.581535959,p50TxF1
B. mori x F1,1.958928752,p50TxF1
B. mori x F1,1.742013066,p50TxF1
B. mori x F1,2.237696761,p50TxF1
B. mori x F1,1.903356433,p50TxF1
B. mori x F1,1.893289881,p50TxF1
B. mori x F1,2.235494615,p50TxF1
B. mori x F1,1.978547339,p50TxF1
B. mori x F1,2.032463944,p50TxF1
B. mori x F1,2.562353196,p50TxF1
B. mori x F1,1.760049552,p50TxF1
B. mori x F1,2.535333723,p50TxF1
B. mori x F1,1.943984271,p50TxF1
B. mori x F1,1.596093788,p50TxF1
B. mori x F1,1.538043476,p50TxF1
B. mori x F1,2.610588643,p50TxF1
B. mori x F1,2.112955564,p50TxF1
B. mori x F1,1.688462344,p50TxF1
B. mori x F1,2.176166667,p50TxF1
B. mori x F1,1.728810573,p50TxF1
B. mori x F1,2.153072634,p50TxF1
B. mori x F1,1.710750304,p50TxF1
B. mori x F1,2.254236559,p50TxF1
B. mori x F1,1.203489496,p50TxF1
B. mori x F1,1.264573327,p50TxF1
B. mori x F1,1.417744533,p50TxF1
B. mori x F1,1.463686113,p50TxF1
B. mori x F1,1.913989779,p50TxF1
B. mori x F1,1.535565781,p50TxF1
B. mori x F1,2.280438911,p50TxF1
B. mori x F1,1.646316809,p50TxF1
B. mori x F1,2.145858309,p50TxF1
B. mori x F1,1.281441511,p50TxF1
B. mori x F1,2.040439656,p50TxF1
B. mori x F1,2.143946615,p50TxF1
B. mori x F1,1.577335141,p50TxF1
B. mori x F1,1.81038581,p50TxF1
B. mori x F1,1.939471916,p50TxF1
B. mori x F1,1.74904775,p50TxF1
B. mori x F1,1.23030631,p50TxF1
B. mori x F1,1.914837633,p50TxF1
B. mori x F1,1.967344332,p50TxF1
B. mori x F1,1.95415972,p50TxF1
B. mori x F1,1.725186119,p50TxF1
B. mori x F1,1.162134973,p50TxF1
B. mori x F1,2.516335859,p50TxF1
B. mori x F1,1.926290054,p50TxF1
B. mori x F1,2.065308246,p50TxF1
B. mori x F1,1.397326553,p50TxF1
B. mori x F1,1.870509607,p50TxF1
B. mori x F1,2.025223992,p50TxF1
B. mori x F1,1.68653178,p50TxF1
B. mori x F1,1.601764012,p50TxF1
B. mori x F1,1.567368872,p50TxF1
B. mori x F1,2.309078721,p50TxF1
B. mori x F1,1.54202092,p50TxF1
B. mori x F1,1.650699734,p50TxF1
B. mori x F1,2.381512383,p50TxF1
B. mori x F1,1.431857626,p50TxF1
B. mori x F1,1.922583424,p50TxF1
B. mori x F1,2.09502188,p50TxF1
B. mori x F1,1.89442871,p50TxF1
B. mori x F1,1.215282688,p50TxF1
B. mori x F1,2.301266296,p50TxF1
B. mori x F1,1.863951817,p50TxF1
B. mori x F1,1.96438346,p50TxF1
B. mori x F1,2.153463421,p50TxF1
B. mori x F1,1.791715947,p50TxF1
B. mori x F1,1.989336807,p50TxF1
B. mori x F1,1.467617478,p50TxF1
B. mori x F1,1.455335556,p50TxF1
B. mori x F1,2.147022074,p50TxF1
B. mori x F1,1.444515063,p50TxF1
B. mori x F1,1.332138677,p50TxF1
B. mori x F1,1.169750791,p50TxF1
B. mori x F1,1.958796276,p50TxF1
B. mori x F1,1.434704585,p50TxF1
B. mori x F1,1.732181296,p50TxF1
B. mandarina,3.309271485,Sakado
B. mandarina,2.962841515,Sakado
B. mandarina,3.995299343,Sakado
B. mandarina,3.341512079,Sakado
B. mandarina,3.076454811,Sakado
B. mandarina,3.879688307,Sakado
B. mandarina,3.326329325,Sakado
B. mandarina,3.41872391,Sakado
B. mandarina,2.262793541,Sakado
B. mandarina,3.371378936,Sakado
B. mandarina,3.849255872,Sakado
B. mandarina,3.638110535,Sakado
B. mandarina,3.456154866,Sakado
B. mandarina,4.064926475,Sakado
B. mandarina,3.681059681,Sakado
B. mandarina,4.068442773,Sakado
B. mandarina,3.669551372,Sakado
B. mandarina,4.012625845,Sakado
B. mandarina,3.605501843,Sakado
B. mandarina,3.761080561,Sakado
B. mandarina,4.289906902,Sakado
B. mandarina,4.725048409,Sakado
B. mandarina,4.122077191,Sakado
B. mandarina,3.742432301,Sakado
B. mandarina,3.820242842,Sakado
B. mandarina,5.20260291,Sakado
B. mandarina,3.356612467,Sakado
B. mandarina,3.448072437,Sakado
B. mandarina,3.312399818,Sakado
B. mandarina,3.416929943,Sakado
B. mandarina,2.357409981,Sakado
B. mandarina,2.693065692,Sakado
B. mandarina,3.411026545,Sakado
B. mandarina,3.322981834,Sakado
B. mandarina,3.543290259,Sakado
B. mandarina,2.58527522,Sakado
B. mandarina,4.029849288,Sakado
B. mandarina,4.720361879,Sakado
B. mandarina,2.822725667,Sakado
B. mandarina,3.560312375,Sakado
B. mandarina,2.950122859,Sakado
B. mandarina,3.964792355,Sakado
B. mandarina,3.441375908,Sakado
B. mandarina,3.436645734,Sakado
B. mandarina,3.833133171,Sakado
B. mandarina,3.381666749,Sakado
B. mandarina,4.0067436,Sakado
B. mandarina,3.000529699,Sakado
B. mandarina,2.311847954,Sakado
B. mandarina,3.373526802,Sakado
B. mandarina,3.225348197,Sakado
B. mandarina,3.255654928,Sakado
B. mandarina,3.769232437,Sakado
B. mandarina,4.365627139,Sakado
B. mandarina,3.721606288,Sakado
B. mandarina,3.802898739,Sakado
B. mandarina,1.529543811,Sakado
B. mandarina,2.931020968,Sakado
B. mandarina,3.715565786,Sakado
B. mandarina,3.138495659,Sakado
B. mori,0.81,p50T
B. mori,0.87,p50T
B. mori,1.17,p50T
B. mori,0.94,p50T
B. mori,0.88,p50T
B. mori,0.92,p50T
B. mori,1.01,p50T
B. mori,0.85,p50T
B. mori,1.09,p50T
B. mori,0.9,p50T
B. mori,0.99,p50T
B. mori,0.77,p50T
B. mori,0.97,p50T
B. mori,1.488560807,p20
B. mori,1.813516536,p20
B. mori,2.283692098,p20
B. mori,1.977442037,k25
B. mori,2.009165019,p21
B. mori,1.227148229,c51
B. mori,1.391993451,o56
B. mori,1.333773354,o56
B. mori,1.49602454,f35
B. mori,1.500183695,p20
B. mori,1.708110283,c51
B. mori,1.137388342,p20
B. mori,1.784351944,p20
B. mori,2.260233761,f35
B. mori,1.270578147,f35
B. mori,1.392121998,o55
B. mori,2.641780201,Chr21
B. mori,1.016419649,c51
B. mori,1.219198695,p20
B. mori,1.788376394,p20
B. mori,1.481297376,p20
B. mori,1.81608799,p21
B. mori,1.081214944,o56
B. mori,1.374330305,f35
B. mori,1.51806613,f35
B. mori,1.556480598,g53
B. mori,1.871409751,g53
B. mori,1.024924295,Chr23
B. mori,1.420917773,f35
B. mori,1.208159475,f35
B. mori,1.213028157,p20
B. mori,1.882546367,p20
B. mori,1.914953051,p21
B. mori,1.324800354,p21
B. mori,1.237201807,Chr21
B. mori,1.948126056,g53
B. mori,1.395789886,p20
B. mori,1.564242502,f35
B. mori,1.366488833,f35
B. mori,1.220377477,P44
B. mori,1.518412912,f35
B. mori,1.008994872,Chr23
B. mori,1.227742206,p22
B. mori,1.480527042,g53
B. mori,1.563151612,u48
B. mori,0.863199249,n16
B. mori,0.8470466,f35
B. mori,0.949982731,f35
B. mori,0.82681624,f35
B. mori,1.094942097,f35
B. mori,0.895110259,Chr23
B. mori,0.721453981,Chr21
B. mori,0.960380311,Chr12
B. mori,1.224685538,f35
B. mori,0.889453071,f35
B. mori,0.790888828,f35
B. mori,0.650615307,Chr21
B. mori,0.886506921,Chr12
B. mori,0.841616288,Chr12
B. mori,1.467482377,Chr12
B. mori,1.332270494,n16
B. mori,0.899912648,p22
B. mori,0.799076179,f35
B. mori,0.819726477,Chr23
B. mori,0.699273497,Chr23
B. mori,0.932343536,Chr23
B. mori,0.855533024,Chr23
B. mori,0.828312757,Chr17
B. mori,0.843938883,Chr17
B. mori,0.976783284,Chr12
B. mori,0.959065763,Chr12
B. mori,0.933954458,Chr12
B. mori,0.803754281,Chr12
B. mori,0.848417862,Chr17
B. mori,0.96084266,Chr21
B. mori,0.89662768,Chr4
B. mori,0.840735126,Chr4
B. mori,1.257155123,Chr17
B. mori,0.723886221,Chr23
B. mori,0.727030377,p22
B. mori,0.810330687,Chr12
B. mori,1.166449982,Chr17
B. mori,1.066488833,Chr17
B. mori,1.040859639,e10
B. mori,0.895608398,Chr4
B. mori,0.75045643,Chr4
B. mori,0.438117978,Chr12
B. mori,1.336674696,e10
F1,2.74,p50T x sakado
F1,2.55,p50T x sakado
F1,2.34,p50T x sakado
F1,2.23,p50T x sakado
F1,2.4,p50T x sakado
F1,2.47,p50T x sakado
F1,1.59,p50T x sakado
F1,2.09,p50T x sakado
F1,2.55,p50T x sakado
F1,2.58,p50T x sakado
F1,1.74,p50T x sakado
F1,2.36,p50T x sakado
F1,2.05,p50T x sakado
